{
    "obs_rms_mean": [
        0.29721870885662127,
        -0.0007169263123466268,
        0.39386798493751074,
        -0.003853470396574254,
        -0.442652260747363,
        0.004535811729500644,
        -0.19771491839426666,
        -0.06663893825102925,
        0.48350595131772267,
        1.0691025574529853,
        0.032687730685195295,
        0.10928138084817374,
        0.0010548660374450443,
        0.2832943877553366,
        0.3107487009122085,
        0.31418445593532685,
        0.3250960994995467,
        0.34485271400819395,
        0.3762258876879216,
        0.42445684105380344,
        0.49986711961858005,
        0.6250548742684223,
        0.8542702113651739,
        0.9996122620740229
    ],
    "obs_rms_var": [
        0.027528486732038025,
        0.002913225687310188,
        0.024230056131878366,
        0.0046977103102100876,
        0.10800465878105711,
        0.6276744893743595,
        0.15348043699939232,
        0.5433236052230255,
        0.2497279464594762,
        0.023216906790330158,
        0.20982494495164616,
        0.23738508865624555,
        0.700371032973222,
        0.20303867772308423,
        0.0007949615567736349,
        0.000791772547639481,
        0.0008331835570493569,
        0.000933172830998827,
        0.0011271404147950208,
        0.0014981713634423567,
        0.0022650134710706154,
        0.004117295563653214,
        0.007570840096955477,
        4.4135235098891225e-05
    ],
    "eps": 1e-08
}