{
    "obs_rms_mean": [
        0.09098503971004411,
        -0.0008176395735210301,
        0.5054417447520188,
        -0.0038548757912395194,
        0.028798157893230026,
        0.012449495500115034,
        -0.3424938336562857,
        -0.1077805418699786,
        0.46129086937182,
        1.01224085686888,
        0.01663383603157736,
        0.062356207463856894,
        -0.002706102934698222,
        0.30575644891961873,
        0.35128785918200967,
        0.3551973868649107,
        0.36756576690995246,
        0.38993190315326354,
        0.4254190940580976,
        0.47994045930125584,
        0.5651424224371328,
        0.7065502689934007,
        0.9410227501886498,
        0.9994834663257605
    ],
    "obs_rms_var": [
        0.013020453472839718,
        0.0010823189604727695,
        0.0441427280571749,
        0.0030142360504540034,
        0.11883013436353529,
        0.7305857469251348,
        0.08721818829849087,
        0.5430384699313098,
        0.2485016033160931,
        0.0403022989618635,
        0.2794079683475983,
        0.20764220418978957,
        0.6834921690671717,
        0.21226944297376063,
        0.0012318156058909362,
        0.001247363988498717,
        0.0013328210175776011,
        0.0015101971253142095,
        0.0018317783743855528,
        0.0024191572287442895,
        0.0035814465859768828,
        0.006247954076262855,
        0.007316393502484598,
        7.969255990838197e-05
    ],
    "eps": 1e-08
}